{"_wandb.runtime": 11, "asr_pgd": 0.02666666666666667, "_timestamp": 1734436695.639868, "_runtime": 533.0956110954285, "_step": 0, "_wandb": {"runtime": 1}}